{
	"format_version": "1.21.6",
	"credit": "Made with Blockbench",
	"texture_size": [128, 128],
	"textures": {
		"0": "bloodsword",
		"particle": "bloodsword"
	},
	"elements": [
		{
			"from": [3, -12, 7.99],
			"to": [13, 26, 8],
			"rotation": {"angle": 0, "axis": "y", "origin": [7, -12, 8]},
			"faces": {
				"north": {"uv": [0, 0, 1.25, 4.75], "texture": "#0"},
				"east": {"uv": [0, 4.75, 0.00781, 9.5], "texture": "#0"},
				"south": {"uv": [1.25, 0, 2.5, 4.75], "texture": "#0"},
				"west": {"uv": [0.125, 4.75, 0.13281, 9.5], "texture": "#0"},
				"up": {"uv": [1.75, 4.75781, 0.5, 4.75], "texture": "#0"},
				"down": {"uv": [3, 4.75, 1.75, 4.75781], "texture": "#0"}
			}
		}
	],
	"display": {
		"thirdperson_righthand": {
			"rotation": [0, 90, 0],
			"translation": [0, 13.5, 2]
		},
		"thirdperson_lefthand": {
			"rotation": [0, 90, 0],
			"translation": [0, 13.5, 2]
		},
		"firstperson_righthand": {
			"rotation": [-23, 93, -5],
			"translation": [0, 10, -0.25],
			"scale": [0.6, 0.6, 0.6]
		},
		"firstperson_lefthand": {
			"rotation": [-23, 93, -5],
			"translation": [0, 10, -0.25],
			"scale": [0.6, 0.6, 0.6]
		},
		"ground": {
			"rotation": [90, 0, 90],
			"translation": [0, -1.5, 0],
			"scale": [0.75, 0.75, 0.75]
		},
		"gui": {
			"rotation": [0, 0, -45],
			"translation": [0.5, 0.5, 0],
			"scale": [0.58, 0.58, 0.58]
		},
		"head": {
			"rotation": [180, 0, -21],
			"translation": [-5, 2.5, 0]
		},
		"fixed": {
			"rotation": [0, 0, 45],
			"translation": [-1, 1.25, 0]
		},
		"on_shelf": {
			"rotation": [0, 180, 0],
			"scale": [0.75, 0.75, 0.75]
		}
	},
	"groups": [
		{
			"name": "group",
			"origin": [8, 8, 8],
			"color": 0,
			"children": [0]
		}
	]
}
