{
	"format_version": "1.21.6",
	"credit": "Made with Blockbench",
	"texture_size": [64, 64],
	"textures": {
		"0": "diasword",
		"particle": "diasword"
	},
	"elements": [
		{
			"from": [7, 31, 10],
			"to": [8, 32, 11],
			"rotation": {"angle": 0, "axis": "y", "origin": [9, 31, 9]},
			"faces": {
				"north": {"uv": [7, 5.75, 7.25, 6], "texture": "#0"},
				"east": {"uv": [7, 3.5, 7.25, 3.75], "texture": "#0"},
				"south": {"uv": [7, 5.5, 7.25, 5.75], "texture": "#0"},
				"west": {"uv": [5.75, 7, 6, 7.25], "texture": "#0"},
				"up": {"uv": [6.25, 7.25, 6, 7], "rotation": 90, "texture": "#0"},
				"down": {"uv": [6.5, 7, 6.25, 7.25], "rotation": 270, "texture": "#0"}
			}
		},
		{
			"from": [6.375, 30, 10],
			"to": [8.625, 31, 11],
			"rotation": {"angle": 0, "axis": "y", "origin": [8, 29, 9]},
			"faces": {
				"north": {"uv": [6.75, 6, 7.3125, 6.25], "texture": "#0"},
				"east": {"uv": [7, 6.25, 7.25, 6.5], "texture": "#0"},
				"south": {"uv": [5.75, 6.75, 6.3125, 7], "texture": "#0"},
				"west": {"uv": [6.5, 7, 6.75, 7.25], "texture": "#0"},
				"up": {"uv": [7, 6.8125, 6.75, 6.25], "rotation": 90, "texture": "#0"},
				"down": {"uv": [7.25, 1.5, 7, 2.0625], "rotation": 270, "texture": "#0"}
			}
		},
		{
			"from": [6, 29, 10],
			"to": [9, 30, 11],
			"rotation": {"angle": 0, "axis": "y", "origin": [8, 29, 9]},
			"faces": {
				"north": {"uv": [6, 3.5, 6.75, 3.75], "texture": "#0"},
				"east": {"uv": [7, 6.5, 7.25, 6.75], "texture": "#0"},
				"south": {"uv": [5.75, 4.25, 6.5, 4.5], "texture": "#0"},
				"west": {"uv": [6.75, 7, 7, 7.25], "texture": "#0"},
				"up": {"uv": [6, 6.75, 5.75, 6], "rotation": 90, "texture": "#0"},
				"down": {"uv": [6.25, 6, 6, 6.75], "rotation": 270, "texture": "#0"}
			}
		},
		{
			"from": [5, 28, 10],
			"to": [10, 29, 11],
			"rotation": {"angle": 0, "axis": "y", "origin": [10, 29, 9]},
			"faces": {
				"north": {"uv": [5.5, 5.25, 6.75, 5.5], "texture": "#0"},
				"east": {"uv": [7, 6.75, 7.25, 7], "texture": "#0"},
				"south": {"uv": [5.5, 4.5, 6.75, 4.75], "texture": "#0"},
				"west": {"uv": [7, 7, 7.25, 7.25], "texture": "#0"},
				"up": {"uv": [5.75, 6.75, 5.5, 5.5], "rotation": 90, "texture": "#0"},
				"down": {"uv": [6, 3, 5.75, 4.25], "rotation": 270, "texture": "#0"}
			}
		},
		{
			"from": [4.5, -1, 10],
			"to": [10.5, 28, 11],
			"rotation": {"angle": 0, "axis": "y", "origin": [9, 7, 6]},
			"faces": {
				"north": {"uv": [1.5, 0, 3, 7.25], "texture": "#0"},
				"east": {"uv": [3, 1, 3.25, 8.25], "texture": "#0"},
				"south": {"uv": [0, 0, 1.5, 7.25], "texture": "#0"},
				"west": {"uv": [3.25, 1, 3.5, 8.25], "texture": "#0"},
				"up": {"uv": [5.5, 6.75, 5.25, 5.25], "rotation": 90, "texture": "#0"},
				"down": {"uv": [5.75, 3, 5.5, 4.5], "rotation": 270, "texture": "#0"}
			}
		},
		{
			"from": [-1, -3, 10],
			"to": [16, -1, 11],
			"rotation": {"angle": 0, "axis": "y", "origin": [10, -3, 9]},
			"faces": {
				"north": {"uv": [3, 0.5, 7.25, 1], "texture": "#0"},
				"east": {"uv": [7, 3, 7.25, 3.5], "texture": "#0"},
				"south": {"uv": [3, 0, 7.25, 0.5], "texture": "#0"},
				"west": {"uv": [4.25, 7, 4.5, 7.5], "texture": "#0"},
				"up": {"uv": [4.5, 5.25, 4.25, 1], "rotation": 90, "texture": "#0"},
				"down": {"uv": [4.75, 1, 4.5, 5.25], "rotation": 270, "texture": "#0"}
			}
		},
		{
			"from": [1.5, -4, 10],
			"to": [13.5, -3, 11],
			"rotation": {"angle": 0, "axis": "y", "origin": [10, -5, 9]},
			"faces": {
				"north": {"uv": [4.75, 1.25, 7.75, 1.5], "texture": "#0"},
				"east": {"uv": [0, 7.25, 0.25, 7.5], "texture": "#0"},
				"south": {"uv": [4.75, 1, 7.75, 1.25], "texture": "#0"},
				"west": {"uv": [7.25, 0, 7.5, 0.25], "texture": "#0"},
				"up": {"uv": [3.75, 7.5, 3.5, 4.5], "rotation": 90, "texture": "#0"},
				"down": {"uv": [4, 4.5, 3.75, 7.5], "rotation": 270, "texture": "#0"}
			}
		},
		{
			"from": [3.5, -5, 10],
			"to": [11.5, -4, 11],
			"rotation": {"angle": 0, "axis": "y", "origin": [10, -6, 9]},
			"faces": {
				"north": {"uv": [4.75, 2.75, 6.75, 3], "texture": "#0"},
				"east": {"uv": [0.25, 7.25, 0.5, 7.5], "texture": "#0"},
				"south": {"uv": [4.75, 2.5, 6.75, 2.75], "texture": "#0"},
				"west": {"uv": [7.25, 0.25, 7.5, 0.5], "texture": "#0"},
				"up": {"uv": [4.25, 6.5, 4, 4.5], "rotation": 90, "texture": "#0"},
				"down": {"uv": [5, 3, 4.75, 5], "rotation": 270, "texture": "#0"}
			}
		},
		{
			"from": [4.25, -6, 10],
			"to": [10.75, -5, 11],
			"rotation": {"angle": 0, "axis": "y", "origin": [10, -7, 9]},
			"faces": {
				"north": {"uv": [5, 5, 6.625, 5.25], "texture": "#0"},
				"east": {"uv": [0.5, 7.25, 0.75, 7.5], "texture": "#0"},
				"south": {"uv": [5, 4.75, 6.625, 5], "texture": "#0"},
				"west": {"uv": [7.25, 0.5, 7.5, 0.75], "texture": "#0"},
				"up": {"uv": [5.5, 4.625, 5.25, 3], "rotation": 90, "texture": "#0"},
				"down": {"uv": [4.5, 5.25, 4.25, 6.875], "rotation": 270, "texture": "#0"}
			}
		},
		{
			"from": [6, -13, 10],
			"to": [9, -6, 11],
			"rotation": {"angle": 0, "axis": "y", "origin": [8, -8, 9]},
			"faces": {
				"north": {"uv": [3.5, 2.75, 4.25, 4.5], "texture": "#0"},
				"east": {"uv": [5, 3, 5.25, 4.75], "texture": "#0"},
				"south": {"uv": [3.5, 1, 4.25, 2.75], "texture": "#0"},
				"west": {"uv": [4.75, 5, 5, 6.75], "texture": "#0"},
				"up": {"uv": [6.5, 6.75, 6.25, 6], "rotation": 90, "texture": "#0"},
				"down": {"uv": [6.75, 1.5, 6.5, 2.25], "rotation": 270, "texture": "#0"}
			}
		},
		{
			"from": [4.25, -14.5, 10],
			"to": [10.75, -13, 11],
			"rotation": {"angle": 0, "axis": "y", "origin": [8, -16, 9]},
			"faces": {
				"north": {"uv": [4.75, 2, 6.375, 2.375], "texture": "#0"},
				"east": {"uv": [4.5, 7, 4.75, 7.375], "texture": "#0"},
				"south": {"uv": [4.75, 1.5, 6.375, 1.875], "texture": "#0"},
				"west": {"uv": [7, 4.5, 7.25, 4.875], "texture": "#0"},
				"up": {"uv": [4.75, 6.875, 4.5, 5.25], "rotation": 90, "texture": "#0"},
				"down": {"uv": [5.25, 5.25, 5, 6.875], "rotation": 270, "texture": "#0"}
			}
		},
		{
			"from": [6.25, -16, 10],
			"to": [8.75, -14.5, 11],
			"rotation": {"angle": 0, "axis": "y", "origin": [8, -18, 9]},
			"faces": {
				"north": {"uv": [6, 3, 6.625, 3.375], "texture": "#0"},
				"east": {"uv": [5, 7, 5.25, 7.375], "texture": "#0"},
				"south": {"uv": [5.75, 5.5, 6.375, 5.875], "texture": "#0"},
				"west": {"uv": [7, 5, 7.25, 5.375], "texture": "#0"},
				"up": {"uv": [7, 5.875, 6.75, 5.25], "rotation": 90, "texture": "#0"},
				"down": {"uv": [5.75, 6.75, 5.5, 7.375], "rotation": 270, "texture": "#0"}
			}
		},
		{
			"from": [10.5, -1, 10],
			"to": [11.5, 0, 11],
			"rotation": {"angle": 0, "axis": "y", "origin": [11, -1, 10]},
			"faces": {
				"north": {"uv": [1.25, 7.25, 1.5, 7.5], "texture": "#0"},
				"east": {"uv": [0.75, 7.25, 1, 7.5], "texture": "#0"},
				"south": {"uv": [7.25, 0.75, 7.5, 1], "texture": "#0"},
				"west": {"uv": [1, 7.25, 1.25, 7.5], "texture": "#0"},
				"up": {"uv": [1.75, 7.5, 1.5, 7.25], "rotation": 90, "texture": "#0"},
				"down": {"uv": [7.5, 1.5, 7.25, 1.75], "rotation": 270, "texture": "#0"}
			}
		},
		{
			"from": [10.5, 0, 10],
			"to": [11.5, 1, 11],
			"rotation": {"angle": 0, "axis": "y", "origin": [11, 0, 10]},
			"faces": {
				"north": {"uv": [7.25, 2, 7.5, 2.25], "texture": "#0"},
				"east": {"uv": [1.75, 7.25, 2, 7.5], "texture": "#0"},
				"south": {"uv": [7.25, 1.75, 7.5, 2], "texture": "#0"},
				"west": {"uv": [2, 7.25, 2.25, 7.5], "texture": "#0"},
				"up": {"uv": [2.5, 7.5, 2.25, 7.25], "rotation": 90, "texture": "#0"},
				"down": {"uv": [7.5, 2.25, 7.25, 2.5], "rotation": 270, "texture": "#0"}
			}
		},
		{
			"from": [11.5, -1, 10],
			"to": [12.5, 0, 11],
			"rotation": {"angle": 0, "axis": "y", "origin": [12, -1, 10]},
			"faces": {
				"north": {"uv": [7.25, 3.25, 7.5, 3.5], "texture": "#0"},
				"east": {"uv": [2.5, 7.25, 2.75, 7.5], "texture": "#0"},
				"south": {"uv": [2.75, 7.25, 3, 7.5], "texture": "#0"},
				"west": {"uv": [7.25, 3, 7.5, 3.25], "texture": "#0"},
				"up": {"uv": [7.5, 3.75, 7.25, 3.5], "rotation": 90, "texture": "#0"},
				"down": {"uv": [4.25, 7.25, 4, 7.5], "rotation": 270, "texture": "#0"}
			}
		},
		{
			"from": [13.5, -1, 10],
			"to": [16.5, 0, 11],
			"rotation": {"angle": 0, "axis": "y", "origin": [14, -1, 10]},
			"faces": {
				"north": {"uv": [6, 4, 6.75, 4.25], "texture": "#0"},
				"east": {"uv": [7.25, 4.25, 7.5, 4.5], "texture": "#0"},
				"south": {"uv": [6, 3.75, 6.75, 4], "texture": "#0"},
				"west": {"uv": [7.25, 4.5, 7.5, 4.75], "texture": "#0"},
				"up": {"uv": [4.25, 7.25, 4, 6.5], "rotation": 90, "texture": "#0"},
				"down": {"uv": [6.75, 5.5, 6.5, 6.25], "rotation": 270, "texture": "#0"}
			}
		},
		{
			"from": [14.5, 0, 10],
			"to": [17.5, 1, 11],
			"rotation": {"angle": 0, "axis": "y", "origin": [15, 0, 10]},
			"faces": {
				"north": {"uv": [6.5, 4.25, 7.25, 4.5], "texture": "#0"},
				"east": {"uv": [7.25, 4.75, 7.5, 5], "texture": "#0"},
				"south": {"uv": [6.5, 2.25, 7.25, 2.5], "texture": "#0"},
				"west": {"uv": [7.25, 5, 7.5, 5.25], "texture": "#0"},
				"up": {"uv": [6.75, 7, 6.5, 6.25], "rotation": 90, "texture": "#0"},
				"down": {"uv": [7, 1.5, 6.75, 2.25], "rotation": 270, "texture": "#0"}
			}
		},
		{
			"from": [2.5, -1, 10],
			"to": [3.5, 0, 11],
			"rotation": {"angle": 0, "axis": "y", "origin": [3, -1, 10]},
			"faces": {
				"north": {"uv": [7.25, 5.75, 7.5, 6], "texture": "#0"},
				"east": {"uv": [7.25, 5.25, 7.5, 5.5], "texture": "#0"},
				"south": {"uv": [7.25, 5.5, 7.5, 5.75], "texture": "#0"},
				"west": {"uv": [5.75, 7.25, 6, 7.5], "texture": "#0"},
				"up": {"uv": [6.25, 7.5, 6, 7.25], "rotation": 90, "texture": "#0"},
				"down": {"uv": [6.5, 7.25, 6.25, 7.5], "rotation": 270, "texture": "#0"}
			}
		},
		{
			"from": [3.5, -1, 10],
			"to": [4.5, 0, 11],
			"rotation": {"angle": 0, "axis": "y", "origin": [4, -1, 10]},
			"faces": {
				"north": {"uv": [6.75, 7.25, 7, 7.5], "texture": "#0"},
				"east": {"uv": [7.25, 6.25, 7.5, 6.5], "texture": "#0"},
				"south": {"uv": [6.5, 7.25, 6.75, 7.5], "texture": "#0"},
				"west": {"uv": [7.25, 6.5, 7.5, 6.75], "texture": "#0"},
				"up": {"uv": [7.5, 7, 7.25, 6.75], "rotation": 90, "texture": "#0"},
				"down": {"uv": [7.25, 7.25, 7, 7.5], "rotation": 270, "texture": "#0"}
			}
		},
		{
			"from": [3.5, 0, 10],
			"to": [4.5, 1, 11],
			"rotation": {"angle": 0, "axis": "y", "origin": [4, 0, 10]},
			"faces": {
				"north": {"uv": [7.5, 0, 7.75, 0.25], "texture": "#0"},
				"east": {"uv": [7.25, 7, 7.5, 7.25], "texture": "#0"},
				"south": {"uv": [7.25, 7.25, 7.5, 7.5], "texture": "#0"},
				"west": {"uv": [0, 7.5, 0.25, 7.75], "texture": "#0"},
				"up": {"uv": [0.5, 7.75, 0.25, 7.5], "rotation": 90, "texture": "#0"},
				"down": {"uv": [7.75, 0.25, 7.5, 0.5], "rotation": 270, "texture": "#0"}
			}
		},
		{
			"from": [-2.5, 0, 10],
			"to": [0.5, 1, 11],
			"rotation": {"angle": 0, "axis": "y", "origin": [0, 0, 10]},
			"faces": {
				"north": {"uv": [6.75, 2.75, 7.5, 3], "texture": "#0"},
				"east": {"uv": [0.5, 7.5, 0.75, 7.75], "texture": "#0"},
				"south": {"uv": [6.75, 2.5, 7.5, 2.75], "texture": "#0"},
				"west": {"uv": [7.5, 0.5, 7.75, 0.75], "texture": "#0"},
				"up": {"uv": [7, 3.75, 6.75, 3], "rotation": 90, "texture": "#0"},
				"down": {"uv": [7, 4.5, 6.75, 5.25], "rotation": 270, "texture": "#0"}
			}
		},
		{
			"from": [-1.5, -1, 10],
			"to": [1.5, 0, 11],
			"rotation": {"angle": 0, "axis": "y", "origin": [1, -1, 10]},
			"faces": {
				"north": {"uv": [6.75, 4, 7.5, 4.25], "texture": "#0"},
				"east": {"uv": [0.75, 7.5, 1, 7.75], "texture": "#0"},
				"south": {"uv": [6.75, 3.75, 7.5, 4], "texture": "#0"},
				"west": {"uv": [7.5, 0.75, 7.75, 1], "texture": "#0"},
				"up": {"uv": [5, 7.5, 4.75, 6.75], "rotation": 90, "texture": "#0"},
				"down": {"uv": [5.5, 6.75, 5.25, 7.5], "rotation": 270, "texture": "#0"}
			}
		}
	],
	"display": {
		"thirdperson_righthand": {
			"rotation": [0, 90, 0],
			"translation": [-1.25, 8.6, 1],
			"scale": [0.5, 0.6, 0.5]
		},
		"thirdperson_lefthand": {
			"rotation": [0, 90, 0],
			"translation": [-1.25, 8.6, 1],
			"scale": [0.5, 0.6, 0.5]
		},
		"firstperson_righthand": {
			"rotation": [-180, 77, 148],
			"translation": [0.25, 6.5, -2.5],
			"scale": [0.5, 0.5, 0.5]
		},
		"firstperson_lefthand": {
			"rotation": [-180, 77, 148],
			"translation": [0.25, 6.5, -2.5],
			"scale": [0.5, 0.5, 0.5]
		},
		"ground": {
			"rotation": [90, 0, 0],
			"translation": [0, 0.25, 0],
			"scale": [0.35, 0.4, 0.4]
		},
		"gui": {
			"rotation": [0, 0, -45],
			"translation": [0.25, 0, 0],
			"scale": [0.4, 0.45, 0.45]
		},
		"head": {
			"rotation": [180, 0, 0],
			"translation": [0.25, 1.5, 2.75]
		},
		"fixed": {
			"rotation": [0, 0, 45],
			"translation": [0, 0, -2.1],
			"scale": [0.5, 0.6, 0.6]
		},
		"on_shelf": {
			"scale": [0.6, 0.6, 0.6]
		}
	},
	"groups": [
		{
			"name": "group",
			"origin": [8, 8, 8],
			"color": 0,
			"children": [0, 1, 2, 3, 4, 5, 6, 7, 8, 9, 10, 11, 12, 13, 14, 15, 16, 17, 18, 19, 20, 21]
		}
	]
}
